{
  "confusion": {
    "Logistic Regression": {
      "tn": 444,
      "fp": 637,
      "fn": 4,
      "tp": 26
    },
    "Random Forest": {
      "tn": 1081,
      "fp": 0,
      "fn": 30,
      "tp": 0
    },
    "XGBoost": {
      "tn": 1081,
      "fp": 0,
      "fn": 30,
      "tp": 0
    },
    "LSTM": {
      "tn": 1089,
      "fp": 0,
      "fn": 30,
      "tp": 0
    },
    "GNN (GraphSAGE)": null
  },
  "prob_hist": {
    "Logistic Regression": {
      "edges": [
        0.0,
        0.1,
        0.2,
        0.30000000000000004,
        0.4,
        0.5,
        0.6000000000000001,
        0.7000000000000001,
        0.8,
        0.9,
        1.0
      ],
      "neg": [
        204,
        69,
        53,
        63,
        55,
        73,
        62,
        71,
        139,
        292
      ],
      "pos": [
        0,
        0,
        0,
        2,
        2,
        0,
        0,
        0,
        0,
        26
      ]
    },
    "Random Forest": {
      "edges": [
        0.0,
        0.1,
        0.2,
        0.30000000000000004,
        0.4,
        0.5,
        0.6000000000000001,
        0.7000000000000001,
        0.8,
        0.9,
        1.0
      ],
      "neg": [
        563,
        417,
        75,
        24,
        2,
        0,
        0,
        0,
        0,
        0
      ],
      "pos": [
        0,
        24,
        6,
        0,
        0,
        0,
        0,
        0,
        0,
        0
      ]
    },
    "XGBoost": {
      "edges": [
        0.0,
        0.1,
        0.2,
        0.30000000000000004,
        0.4,
        0.5,
        0.6000000000000001,
        0.7000000000000001,
        0.8,
        0.9,
        1.0
      ],
      "neg": [
        1045,
        18,
        4,
        9,
        5,
        0,
        0,
        0,
        0,
        0
      ],
      "pos": [
        30,
        0,
        0,
        0,
        0,
        0,
        0,
        0,
        0,
        0
      ]
    },
    "LSTM": {
      "edges": [
        0.0,
        0.1,
        0.2,
        0.30000000000000004,
        0.4,
        0.5,
        0.6000000000000001,
        0.7000000000000001,
        0.8,
        0.9,
        1.0
      ],
      "neg": [
        1089,
        0,
        0,
        0,
        0,
        0,
        0,
        0,
        0,
        0
      ],
      "pos": [
        30,
        0,
        0,
        0,
        0,
        0,
        0,
        0,
        0,
        0
      ]
    }
  },
  "feature_importance": {
    "Logistic Regression": [
      {
        "feature": "covar_system",
        "importance": 1.8650992361659482,
        "sign": "-"
      },
      {
        "feature": "rbi_repo_rate_change_30d",
        "importance": 1.7590168084134274,
        "sign": "+"
      },
      {
        "feature": "hdfc_vol_10d",
        "importance": 1.5206434367101878,
        "sign": "-"
      },
      {
        "feature": "avg_pairwise_correlation",
        "importance": 1.4902329772590421,
        "sign": "-"
      },
      {
        "feature": "absorption_ratio",
        "importance": 1.0078638691428516,
        "sign": "-"
      },
      {
        "feature": "mes_avg",
        "importance": 0.9731346488729994,
        "sign": "+"
      },
      {
        "feature": "srisk_proxy",
        "importance": 0.827187271070165,
        "sign": "-"
      },
      {
        "feature": "inr_usd",
        "importance": 0.7608256054128819,
        "sign": "+"
      }
    ],
    "Random Forest": [
      {
        "feature": "inr_usd",
        "importance": 0.13671986970371702
      },
      {
        "feature": "rbi_repo_rate",
        "importance": 0.10781140504221193
      },
      {
        "feature": "covar_system",
        "importance": 0.10320799003828043
      },
      {
        "feature": "avg_pairwise_correlation",
        "importance": 0.06724092143979978
      },
      {
        "feature": "mes_avg",
        "importance": 0.059111659264040904
      },
      {
        "feature": "avg_volatility_30d",
        "importance": 0.05371608822246381
      },
      {
        "feature": "granger_count",
        "importance": 0.044911784795054026
      },
      {
        "feature": "srisk_proxy",
        "importance": 0.04043210089974357
      }
    ],
    "XGBoost": [
      {
        "feature": "inr_usd",
        "importance": 0.11756351590156555
      },
      {
        "feature": "granger_count",
        "importance": 0.09254962205886841
      },
      {
        "feature": "rbi_repo_rate",
        "importance": 0.08275114744901657
      },
      {
        "feature": "rbi_repo_rate_change_30d",
        "importance": 0.08270218968391418
      },
      {
        "feature": "mes_avg",
        "importance": 0.07571125030517578
      },
      {
        "feature": "avg_volatility_30d",
        "importance": 0.06980619579553604
      },
      {
        "feature": "avg_pairwise_correlation",
        "importance": 0.05949452519416809
      },
      {
        "feature": "covar_system",
        "importance": 0.043575771152973175
      }
    ]
  },
  "correlation": {
    "features": [
      "avg_pairwise_correlation",
      "network_density_06",
      "absorption_ratio",
      "covar_system",
      "srisk_proxy",
      "mes_avg",
      "india_vix",
      "inr_usd",
      "rbi_repo_rate",
      "granger_count",
      "avg_volatility_30d",
      "nifty_bank_drawdown_30d"
    ],
    "matrix": [
      [
        1.0,
        0.842,
        0.734,
        -0.316,
        0.385,
        -0.396,
        0.382,
        0.006,
        -0.025,
        0.059,
        0.319,
        -0.305
      ],
      [
        0.842,
        1.0,
        0.733,
        -0.218,
        0.388,
        -0.306,
        0.35,
        0.203,
        -0.227,
        0.117,
        0.389,
        -0.283
      ],
      [
        0.734,
        0.733,
        1.0,
        -0.109,
        0.311,
        -0.151,
        0.174,
        -0.085,
        0.111,
        -0.014,
        0.304,
        -0.134
      ],
      [
        -0.316,
        -0.218,
        -0.109,
        1.0,
        -0.308,
        0.93,
        -0.542,
        0.115,
        0.478,
        0.081,
        -0.512,
        0.24
      ],
      [
        0.385,
        0.388,
        0.311,
        -0.308,
        1.0,
        -0.34,
        0.885,
        -0.098,
        -0.14,
        0.069,
        0.646,
        -0.641
      ],
      [
        -0.396,
        -0.306,
        -0.151,
        0.93,
        -0.34,
        1.0,
        -0.57,
        0.058,
        0.584,
        0.015,
        -0.527,
        0.262
      ],
      [
        0.382,
        0.35,
        0.174,
        -0.542,
        0.885,
        -0.57,
        1.0,
        -0.073,
        -0.276,
        0.104,
        0.74,
        -0.681
      ],
      [
        0.006,
        0.203,
        -0.085,
        0.115,
        -0.098,
        0.058,
        -0.073,
        1.0,
        -0.366,
        0.157,
        -0.097,
        -0.023
      ],
      [
        -0.025,
        -0.227,
        0.111,
        0.478,
        -0.14,
        0.584,
        -0.276,
        -0.366,
        1.0,
        -0.068,
        -0.31,
        0.168
      ],
      [
        0.059,
        0.117,
        -0.014,
        0.081,
        0.069,
        0.015,
        0.104,
        0.157,
        -0.068,
        1.0,
        0.048,
        -0.045
      ],
      [
        0.319,
        0.389,
        0.304,
        -0.512,
        0.646,
        -0.527,
        0.74,
        -0.097,
        -0.31,
        0.048,
        1.0,
        -0.571
      ],
      [
        -0.305,
        -0.283,
        -0.134,
        0.24,
        -0.641,
        0.262,
        -0.681,
        -0.023,
        0.168,
        -0.045,
        -0.571,
        1.0
      ]
    ]
  }
}