{
  "Logistic Regression": {
    "accuracy": 0.42304230423042305,
    "precision": 0.0392156862745098,
    "recall": 0.8666666666666667,
    "f1": 0.07503607503607504,
    "roc_auc": 0.8608387295713845,
    "fpr": [
      0.0,
      0.0009250693802035153,
      0.011100832562442183,
      0.011100832562442183,
      0.01572617946345976,
      0.01572617946345976,
      0.016651248843663275,
      0.016651248843663275,
      0.01942645698427382,
      0.01942645698427382,
      0.024051803885291396,
      0.024051803885291396,
      0.025901942645698426,
      0.025901942645698426,
      0.02960222016651249,
      0.02960222016651249,
      0.036077705827937095,
      0.036077705827937095,
      0.039777983348751156,
      0.039777983348751156,
      0.04717853839037928,
      0.04717853839037928,
      0.05272895467160037,
      0.05272895467160037,
      0.05550416281221091,
      0.05550416281221091,
      0.058279370952821465,
      0.058279370952821465,
      0.06475485661424607,
      0.06475485661424607,
      0.06753006475485661,
      0.06753006475485661,
      0.07215541165587419,
      0.07215541165587419,
      0.07955596669750231,
      0.07955596669750231,
      0.08973172987974098,
      0.08973172987974098,
      0.09065679925994449,
      0.09065679925994449,
      0.0971322849213691,
      0.0971322849213691,
      0.10175763182238667,
      0.10175763182238667,
      0.1091581868640148,
      0.1091581868640148,
      0.11008325624421832,
      0.11008325624421832,
      0.15356151711378355,
      0.15356151711378355,
      0.6308973172987974,
      0.6308973172987974,
      0.6364477335800185,
      0.6364477335800185,
      0.6530989824236818,
      0.6530989824236818,
      0.6836262719703978,
      0.6836262719703978,
      1.0
    ],
    "tpr": [
      0.0,
      0.0,
      0.0,
      0.03333333333333333,
      0.03333333333333333,
      0.06666666666666667,
      0.06666666666666667,
      0.1,
      0.1,
      0.13333333333333333,
      0.13333333333333333,
      0.16666666666666666,
      0.16666666666666666,
      0.2,
      0.2,
      0.23333333333333334,
      0.23333333333333334,
      0.26666666666666666,
      0.26666666666666666,
      0.3,
      0.3,
      0.36666666666666664,
      0.36666666666666664,
      0.4,
      0.4,
      0.4666666666666667,
      0.4666666666666667,
      0.5,
      0.5,
      0.5333333333333333,
      0.5333333333333333,
      0.5666666666666667,
      0.5666666666666667,
      0.6,
      0.6,
      0.6333333333333333,
      0.6333333333333333,
      0.6666666666666666,
      0.6666666666666666,
      0.7,
      0.7,
      0.7333333333333333,
      0.7333333333333333,
      0.7666666666666667,
      0.7666666666666667,
      0.8,
      0.8,
      0.8333333333333334,
      0.8333333333333334,
      0.8666666666666667,
      0.8666666666666667,
      0.9,
      0.9,
      0.9333333333333333,
      0.9333333333333333,
      0.9666666666666667,
      0.9666666666666667,
      1.0,
      1.0
    ]
  },
  "Random Forest": {
    "accuracy": 0.972997299729973,
    "precision": 0.0,
    "recall": 0.0,
    "f1": 0.0,
    "roc_auc": 0.7888066604995374,
    "fpr": [
      0.0,
      0.0009250693802035153,
      0.032377428307123035,
      0.032377428307123035,
      0.034227567067530065,
      0.034227567067530065,
      0.056429232192414434,
      0.056429232192414434,
      0.05920444033302498,
      0.05920444033302498,
      0.06753006475485661,
      0.06938020351526364,
      0.07678075855689177,
      0.07678075855689177,
      0.0786308973172988,
      0.0786308973172988,
      0.0971322849213691,
      0.0971322849213691,
      0.10823311748381129,
      0.10823311748381129,
      0.11193339500462535,
      0.11193339500462535,
      0.1868640148011101,
      0.1868640148011101,
      0.19611470860314523,
      0.19611470860314523,
      0.20074005550416282,
      0.20074005550416282,
      0.20351526364477335,
      0.20351526364477335,
      0.2127659574468085,
      0.2127659574468085,
      0.2238667900092507,
      0.2238667900092507,
      0.242368177613321,
      0.242368177613321,
      0.2488436632747456,
      0.2488436632747456,
      0.24976873265494912,
      0.24976873265494912,
      0.2627197039777983,
      0.2627197039777983,
      0.26549491211840887,
      0.26549491211840887,
      0.29509713228492135,
      0.29509713228492135,
      0.303422756706753,
      0.303422756706753,
      0.30434782608695654,
      0.30434782608695654,
      0.3135985198889917,
      0.3135985198889917,
      0.3209990749306198,
      0.3209990749306198,
      0.35522664199814985,
      0.35522664199814985,
      0.3829787234042553,
      0.3829787234042553,
      0.4051803885291397,
      0.4051803885291397,
      0.8686401480111008,
      0.8704902867715079,
      0.9222941720629048,
      0.9241443108233117,
      0.9639222941720629,
      0.96577243293247,
      0.996299722479186,
      0.9990749306197965,
      1.0
    ],
    "tpr": [
      0.0,
      0.0,
      0.0,
      0.03333333333333333,
      0.03333333333333333,
      0.06666666666666667,
      0.06666666666666667,
      0.1,
      0.1,
      0.13333333333333333,
      0.13333333333333333,
      0.13333333333333333,
      0.13333333333333333,
      0.16666666666666666,
      0.16666666666666666,
      0.2,
      0.2,
      0.23333333333333334,
      0.23333333333333334,
      0.26666666666666666,
      0.26666666666666666,
      0.3,
      0.3,
      0.3333333333333333,
      0.3333333333333333,
      0.36666666666666664,
      0.36666666666666664,
      0.4,
      0.4,
      0.4666666666666667,
      0.4666666666666667,
      0.5,
      0.5,
      0.5333333333333333,
      0.5333333333333333,
      0.5666666666666667,
      0.5666666666666667,
      0.6,
      0.6,
      0.6333333333333333,
      0.6333333333333333,
      0.6666666666666666,
      0.6666666666666666,
      0.7,
      0.7,
      0.7333333333333333,
      0.7333333333333333,
      0.8,
      0.8,
      0.8333333333333334,
      0.8333333333333334,
      0.8666666666666667,
      0.8666666666666667,
      0.9,
      0.9,
      0.9333333333333333,
      0.9333333333333333,
      0.9666666666666667,
      0.9666666666666667,
      1.0,
      1.0,
      1.0,
      1.0,
      1.0,
      1.0,
      1.0,
      1.0,
      1.0,
      1.0
    ]
  },
  "XGBoost": {
    "accuracy": 0.972997299729973,
    "precision": 0.0,
    "recall": 0.0,
    "f1": 0.0,
    "roc_auc": 0.8492753623188406,
    "fpr": [
      0.0,
      0.0009250693802035153,
      0.034227567067530065,
      0.034227567067530065,
      0.03700277520814061,
      0.03700277520814061,
      0.05272895467160037,
      0.05272895467160037,
      0.05920444033302498,
      0.05920444033302498,
      0.06105457909343201,
      0.06105457909343201,
      0.06382978723404255,
      0.06382978723404255,
      0.06845513413506013,
      0.06845513413506013,
      0.08695652173913043,
      0.08695652173913043,
      0.09065679925994449,
      0.09065679925994449,
      0.09620721554116558,
      0.09620721554116558,
      0.0971322849213691,
      0.0971322849213691,
      0.09805735430157261,
      0.09805735430157261,
      0.10175763182238667,
      0.10175763182238667,
      0.10638297872340426,
      0.10638297872340426,
      0.1887141535615171,
      0.1887141535615171,
      0.21461609620721553,
      0.21461609620721553,
      0.21646623496762257,
      0.21646623496762257,
      0.26364477335800185,
      0.26364477335800185,
      0.26549491211840887,
      0.26549491211840887,
      0.299722479185939,
      0.299722479185939,
      0.37835337650323775,
      0.37835337650323775,
      0.40980573543015725,
      0.40980573543015725,
      0.4144310823311748,
      0.4144310823311748,
      0.45050878815911194,
      0.45050878815911194,
      1.0
    ],