{"features": ["avg_volatility_5d", "max_volatility_5d", "avg_volatility_10d", "max_volatility_10d", "avg_volatility_30d", "max_volatility_30d", "avg_return_5d", "min_return_5d", "avg_return_10d", "min_return_10d", "avg_return_30d", "min_return_30d", "avg_pairwise_correlation", "network_density_06", "absorption_ratio", "india_vix", "india_vix_change", "nifty_bank_return_5d", "nifty_bank_drawdown_30d", "nifty_bank_rsi", "nifty_bank_ema_crossover", "nifty_fin_return_5d", "nifty_it_return_5d", "inr_usd", "inr_usd_change", "rbi_repo_rate", "rbi_repo_rate_change_30d", "yes_bank_vol_10d", "yes_bank_return_5d", "sbi_vol_10d", "hdfc_vol_10d", "mean_degree_centrality", "mean_betweenness_centrality", "clustering_coefficient", "covar_system", "srisk_proxy", "mes_avg", "mibor_repo_spread", "granger_count"], "coef": [0.6184147702234353, 0.053209354958932316, 0.8373986321520809, -1.110197843992932, -0.7161845626830076, 1.783495019028766, 0.7973051172037892, -0.18153130052304992, -1.0426706763428144, 0.8352753569216528, -0.5364006727009366, 0.022539889908611183, -2.594763361960635, 0.743011231884684, -2.050291182694695, -0.9437503794328211, 0.19247074849482318, -0.22491179247876325, 0.6040987263397749, -0.14742529283459563, -0.3514118321013829, -0.010669908397291863, -0.5392818573760008, 0.7530607873238693, -0.1463468255189749, -2.050433326308193, 2.176560423805078, 0.5033582284245749, -0.4888972781376952, -0.3512454928960548, -2.7523884283916686, 2.017707830400928, -0.28943948825961235, 1.0530479853930854, -5.449527183849249, -1.1407126056249863, 4.607236140779622, -0.9437503794328133, -0.3634528329174265], "intercept": -5.409539509384701, "scaler_mean": [0.021368997848866686, 0.050969381592460304, 0.022615138276986663, 0.048384333452409584, 0.023804716720617545, 0.04635147600398988, 0.00013703445182947297, -0.016178219328811805, 0.00013943199798108314, -0.011402768724814183, 0.00018924291852625514, -0.0065421527165130415, 0.38864953108054273, 0.0882394982497083, 0.4990567621133359, 17.643547251733626, 0.0013265883545149726, 0.00047858088038124473, -0.040869213973926, 53.82318078680549, 73.61909250539749, 0.000590214563541386, 0.0007953665106961275, 69.10871859164332, 9.689302817073785e-05, 5.733663943990665, -0.06283547257876312, 0.029875511007096917, -0.00043551280181237186, 0.020543388051000425, 0.012314454000181333, 0.4481176687342626, 0.023706899492995374, 0.7488602883097144, -0.06488955246052594, 0.1868823651080372, -0.03274440219183866, 1.7643547251733627, 0.6534422403733956], "scaler_scale": [0.009609067124384979, 0.03523611147970919, 0.009065157881472394, 0.031941983618320624, 0.008172866732637576, 0.026913101560486635, 0.008088864892523966, 0.014995418854782932, 0.005886209608160851, 0.01094889017165242, 0.0037009518162586575, 0.0059281644120226604, 0.12062367871005504, 0.05985527535909435, 0.10428739449431942, 6.99489153045968, 0.053172254042243745, 0.0069404854999083766, 0.055436709916346825, 17.148436857157854, 480.42620166593525, 0.006426953516190486, 0.005613538383829559, 4.058041967182231, 0.003942635082396581, 1.1319308970417734, 0.1582662402484274, 0.03184790936678825, 0.02025525240796534, 0.010654680535272994, 0.00783950214779615, 0.18311865566052996, 0.014330274977062013, 0.10485000818112236, 0.02794715190030749, 0.06243244705407697, 0.012285588976000284, 0.6994891530459679, 1.0395180786925753]}